{
    "embeddings_length": 256,
    "lr": 2.319098338283166e-05,
    "n_topics": 375,
    "alpha": 8.205941049502012,
    "f1": 0.7658536585365855
}