{
    "embeddings_length": 256,
    "lr": 3.17802689672624e-05,
    "n_topics": 186,
    "alpha": 3.095013915956029,
    "f1": 0.78239608801956
}