{
    "embeddings_length": 512,
    "lr": 7.821668245013451e-05,
    "n_topics": 118,
    "alpha": 5.541419397829016,
    "f1": 0.8238213399503722
}