{
    "embeddings_length": 512,
    "lr": 4.05179397923021e-05,
    "n_topics": 372,
    "alpha": 3.738700407669234,
    "f1": 0.78239608801956
}