{
    "embeddings_length": 256,
    "lr": 0.00011786172801235,
    "n_topics": 323,
    "alpha": 9.423719213549004,
    "f1": 0.8217054263565893
}